{
    "app": {
        "context": "/publisher",
        "customUrl": {
            "enabled": false,
            "forwardedHeader": "X-Forwarded-For"
        },
        "origin": {
            "host": "localhost"
        },
        "feedback": {
            "enable": false,
            "serviceURL": ""
        },
        "singleLogout": {
            "enabled": true,
            "timeout": 4000
        },
        "logoutSessionStateAppender" : "OIDC" ,
        "throttlingPolicyLimit": 80,
        "operationPolicyCount": 500,
        "documentCount": 1000,
        "propertyDisplaySuffix": "__display",
        "markdown": {
            "skipHtml": true,
            "syntaxHighlighterProps": {
                "showLineNumbers": false
            },
            "syntaxHighlighterDarkTheme": false,
            "template": {
                "howTo": "",
                "sample": "",
                "other": ""
            }
        },
        "reactHTMLParser": {
          "decodeEntries": true,
          "tagsNotAllowed": []
        },
        "workflows": {
          "limit": 30
        },
        "loadDefaultLocales": false,
        "supportedDocTypes": "application/vnd.openxmlformats-officedocument.wordprocessingml.document, application/msword, application/pdf, text/plain, application/vnd.ms-excel, application/vnd.openxmlformats-officedocument.spreadsheetml.sheet, application/vnd.oasis.opendocument.text, application/vnd.oasis.opendocument.spreadsheet, application/json, application/x-yaml, .yaml, .md",
        "docUrl": "https://apim.docs.wso2.com/en/4.5.0/"
    },
    "serviceCatalogDefinitionTypes": {
      "OAS2": "Swagger",
      "OAS3": "Open API V3",
      "WSDL1": "WSDL 1",
      "WSDL2": "WSDL 2",
      "GRAPHQL_SDL": "GraphQL SDL",
      "ASYNC_API": "AsyncAPI"
    },
    "serviceCatalogSecurityTypes": {
      "BASIC": "Basic",
      "DIGEST": "Digest",
      "OAUTH2": "OAuth2",
      "NONE": "None",
      "X509": "X509",
      "API_KEY": "API Key"
    },
  "apis": {
    "alwaysShowDeploySampleButton": true,
    "showMultiVersionPolicies": false,
    "tileDisplayInfo": {
      "showMonetizedState": false,
      "showBusinessDetails": false,
      "showTechnicalDetails": false
    },
    "endpoint": {
      "aws": {
        "regions": {
          "us-east-1": "us-east-1: US East (N. Virginia)",
          "us-east-2": "us-east-2: US East (Ohio)",
          "us-west-1": "us-west-1: US West (N. California)",
          "us-west-2": "us-west-2: US West (Oregon)",
          "af-south-1": "af-south-1: Africa (Cape Town)",
          "ap-east-1": "ap-east-1: Asia Pacific (Hong Kong)",
          "ap-south-1": "ap-south-1: Asia Pacific (Mumbai)",
          "ap-northeast-1": "ap-northeast-1: Asia Pacific (Tokyo)",
          "ap-northeast-2": "ap-northeast-2: Asia Pacific (Seoul)",
          "ap-northeast-3": "ap-northeast-3: Asia Pacific (Osaka-Local)",
          "ap-southeast-1": "ap-southeast-1: Asia Pacific (Singapore)",
          "ap-southeast-2": "ap-southeast-2: Asia Pacific (Sydney)",
          "ca-central-1": "ca-central-1: Canada (Central)",
          "eu-central-1": "eu-central-1: Europe (Frankfurt)",
          "eu-west-1": "eu-west-1: Europe (Ireland)",
          "eu-west-2": "eu-west-2: Europe (London)",
          "eu-south-1": "eu-south-1: Europe (Milan)",
          "eu-west-3": "eu-west-3: Europe (Paris)",
          "eu-north-1": "eu-north-1: Europe (Stockholm)",
          "me-south-1": "me-south-1: Middle East (Bahrain)",
          "sa-east-1": "sa-east-1: South America (São Paulo)"
        }
      }
    },
    "maxSubscriptionLimit": 2000,
    "maxScopeCount": 2000
  }
}

